<?xml version="1.0" encoding="utf-8"?>
<modification>
  <name><![CDATA[Add to cart redirect to cart page]]></name>
  <code><![CDATA[Add-to-cart-redirect-cart-page]]></code>
	<version>1.1</version>
	<author>REDS</author>
	<link>https://www.agenciaprai.com</link>
	
	<file path="catalog/view/theme/*/template/product/product.twig">
		<operation>
			<search position="replace"><![CDATA[$('.breadcrumb').after('<div class="alert alert-success alert-dismissible">' + json['success'] + '<button type="button" class="close" data-dismiss="alert">&times;</button></div>');]]></search>
			<add><![CDATA[window.location.href = "index.php?route=checkout/cart";]]></add>
		</operation>
		<operation>
			<search position="replace"><![CDATA[$('html, body').animate({ scrollTop: 0 }, 'slow');]]></search>
			<add><![CDATA[ ]]></add>
		</operation>
	</file>
	<file path="catalog/view/theme/*/template/common/header.twig">
    <operation>
      <search position="before"><![CDATA[</head>]]></search>
      <add><![CDATA[
        <script>
          cart.add = function(product_id, quantity) {
						$.ajax({
							url: 'index.php?route=checkout/cart/add',
							type: 'post',
							data: 'product_id=' + product_id + '&quantity=' + (typeof(quantity) != 'undefined' ? quantity : 1),
							dataType: 'json',
							beforeSend: function() {
								$('#cart > button').button('loading');
							},
							complete: function() {
								$('#cart > button').button('reset');
							},
							success: function(json) {
								$('.alert, .text-danger').remove();

								if (json['redirect']) {
									location = json['redirect'];
								}

								if (json['success']) {
									window.location.href = "index.php?route=checkout/cart";
									$('#cart > ul').load('index.php?route=common/cart/info ul li');
								}
							},
							error: function(xhr, ajaxOptions, thrownError) {
								alert(thrownError + "\r\n" + xhr.statusText + "\r\n" + xhr.responseText);
							}
						});
          };
        </script>
      ]]></add>
    </operation>
  </file>

</modification>
